INSERT INTO Customer (firstName, lastName, email, username, password)
VALUES
    ('John', 'Doe', 'john.doe@example.com', 'johndoe', '$2a$10$BmcMCDQomX1CcxNh891qc.gqJWvi9C72csoM4pOgS2UiqQnYaCP6e'),
    ('Jane', 'Smith', 'jane.smith@example.com', 'janesmith', '$2a$10$BmcMCDQomX1CcxNh891qc.gqJWvi9C72csoM4pOgS2UiqQnYaCP6e'),
    ('Michael', 'Johnson', 'michael.johnson@example.com', 'michaelj', '$2a$10$BmcMCDQomX1CcxNh891qc.gqJWvi9C72csoM4pOgS2UiqQnYaCP6e'),
    ('Emily', 'Brown', 'emily.brown@example.com', 'emilyb', '$2a$10$BmcMCDQomX1CcxNh891qc.gqJWvi9C72csoM4pOgS2UiqQnYaCP6e'),
    ('David', 'Martinez', 'david.martinez@example.com', 'davidm', '$2a$10$BmcMCDQomX1CcxNh891qc.gqJWvi9C72csoM4pOgS2UiqQnYaCP6e'),
    ('Sarah', 'Anderson', 'sarah.anderson@example.com', 'saraha', '$2a$10$BmcMCDQomX1CcxNh891qc.gqJWvi9C72csoM4pOgS2UiqQnYaCP6e'),
    ('James', 'Taylor', 'james.taylor@example.com', 'jamest', '$2a$10$BmcMCDQomX1CcxNh891qc.gqJWvi9C72csoM4pOgS2UiqQnYaCP6e'),
    ('Jessica', 'Thomas', 'jessica.thomas@example.com', 'jessicat', '$2a$10$BmcMCDQomX1CcxNh891qc.gqJWvi9C72csoM4pOgS2UiqQnYaCP6e'),
    ('Christopher', 'Hernandez', 'christopher.hernandez@example.com', 'christopherh', '$2a$10$BmcMCDQomX1CcxNh891qc.gqJWvi9C72csoM4pOgS2UiqQnYaCP6e'),
    ('Ashley', 'Moore', 'ashley.moore@example.com', 'ashleym', '$2a$10$BmcMCDQomX1CcxNh891qc.gqJWvi9C72csoM4pOgS2UiqQnYaCP6e'),
    ('Matthew', 'Wilson', 'matthew.wilson@example.com', 'mattheww', '$2a$10$BmcMCDQomX1CcxNh891qc.gqJWvi9C72csoM4pOgS2UiqQnYaCP6e'),
    ('Amanda', 'Garcia', 'amanda.garcia@example.com', 'amandag', '$2a$10$BmcMCDQomX1CcxNh891qc.gqJWvi9C72csoM4pOgS2UiqQnYaCP6e'),
    ('Andrew', 'Lopez', 'andrew.lopez@example.com', 'andrewl', '$2a$10$BmcMCDQomX1CcxNh891qc.gqJWvi9C72csoM4pOgS2UiqQnYaCP6e'),
    ('Elizabeth', 'Hill', 'elizabeth.hill@example.com', 'elizabethh', '$2a$10$BmcMCDQomX1CcxNh891qc.gqJWvi9C72csoM4pOgS2UiqQnYaCP6e'),
    ('Joshua', 'Scott', 'joshua.scott@example.com', 'joshuas', '$2a$10$BmcMCDQomX1CcxNh891qc.gqJWvi9C72csoM4pOgS2UiqQnYaCP6e'),
    ('Jennifer', 'Green', 'jennifer.green@example.com', 'jenniferg', '$2a$10$BmcMCDQomX1CcxNh891qc.gqJWvi9C72csoM4pOgS2UiqQnYaCP6e'),
    ('Justin', 'Adams', 'justin.adams@example.com', 'justina', '$2a$10$BmcMCDQomX1CcxNh891qc.gqJWvi9C72csoM4pOgS2UiqQnYaCP6e'),
    ('Samantha', 'Baker', 'samantha.baker@example.com', 'samanthab', '$2a$10$BmcMCDQomX1CcxNh891qc.gqJWvi9C72csoM4pOgS2UiqQnYaCP6e'),
    ('Robert', 'Perez', 'robert.perez@example.com', 'robertp', '$2a$10$BmcMCDQomX1CcxNh891qc.gqJWvi9C72csoM4pOgS2UiqQnYaCP6e'),
    ('Stephanie', 'Campbell', 'stephanie.campbell@example.com', 'stephaniec', '$2a$10$BmcMCDQomX1CcxNh891qc.gqJWvi9C72csoM4pOgS2UiqQnYaCP6e'),
    ('Daniel', 'Rivera', 'daniel.rivera@example.com', 'danielr', '$2a$10$BmcMCDQomX1CcxNh891qc.gqJWvi9C72csoM4pOgS2UiqQnYaCP6e');

INSERT INTO DeliveryService (name, email, username, password)
VALUES
    ('FastDelivery', 'fastdelivery@example.com', 'fastdelivery', '$2a$10$BmcMCDQomX1CcxNh891qc.gqJWvi9C72csoM4pOgS2UiqQnYaCP6e'),
    ('SwiftShip', 'swiftship@example.com', 'swiftship', '$2a$10$BmcMCDQomX1CcxNh891qc.gqJWvi9C72csoM4pOgS2UiqQnYaCP6e'),
    ('ExpressMovers', 'expressmovers@example.com', 'expressmovers', '$2a$10$BmcMCDQomX1CcxNh891qc.gqJWvi9C72csoM4pOgS2UiqQnYaCP6e'),
    ('SpeedyCouriers', 'speedycouriers@example.com', 'speedycouriers', '$2a$10$BmcMCDQomX1CcxNh891qc.gqJWvi9C72csoM4pOgS2UiqQnYaCP6e'),
    ('QuickDispatch', 'quickdispatch@example.com', 'quickdispatch', '$2a$10$BmcMCDQomX1CcxNh891qc.gqJWvi9C72csoM4pOgS2UiqQnYaCP6e'),
    ('RapidTransit', 'rapidtransit@example.com', 'rapidtransit', '$2a$10$BmcMCDQomX1CcxNh891qc.gqJWvi9C72csoM4pOgS2UiqQnYaCP6e'),
    ('ZoomDelivery', 'zoomdelivery@example.com', 'zoomdelivery', '$2a$10$BmcMCDQomX1CcxNh891qc.gqJWvi9C72csoM4pOgS2UiqQnYaCP6e'),
    ('PrimeShippers', 'primeshippers@example.com', 'primeshippers', '$2a$10$BmcMCDQomX1CcxNh891qc.gqJWvi9C72csoM4pOgS2UiqQnYaCP6e'),
    ('AeroExpress', 'aeroexpress@example.com', 'aeroexpress', '$2a$10$BmcMCDQomX1CcxNh891qc.gqJWvi9C72csoM4pOgS2UiqQnYaCP6e'),
    ('PrestigeLogistics', 'prestigelogistics@example.com', 'prestigelogistics', '$2a$10$BmcMCDQomX1CcxNh891qc.gqJWvi9C72csoM4pOgS2UiqQnYaCP6e'),
    ('EagleCarriers', 'eaglecarriers@example.com', 'eaglecarriers', '$2a$10$BmcMCDQomX1CcxNh891qc.gqJWvi9C72csoM4pOgS2UiqQnYaCP6e'),
    ('EliteHaulage', 'elitehaulage@example.com', 'elitehaulage', '$2a$10$BmcMCDQomX1CcxNh891qc.gqJWvi9C72csoM4pOgS2UiqQnYaCP6e'),
    ('StarTrans', 'startrans@example.com', 'startrans', '$2a$10$BmcMCDQomX1CcxNh891qc.gqJWvi9C72csoM4pOgS2UiqQnYaCP6e'),
    ('QuickCargo', 'quickcargo@example.com', 'quickcargo', '$2a$10$BmcMCDQomX1CcxNh891qc.gqJWvi9C72csoM4pOgS2UiqQnYaCP6e'),
    ('RedRocket', 'redrocket@example.com', 'redrocket', '$2a$10$BmcMCDQomX1CcxNh891qc.gqJWvi9C72csoM4pOgS2UiqQnYaCP6e'),
    ('SpeedyFreight', 'speedyfreight@example.com', 'speedyfreight', '$2a$10$BmcMCDQomX1CcxNh891qc.gqJWvi9C72csoM4pOgS2UiqQnYaCP6e'),
    ('ExpressTruckers', 'expresstruckers@example.com', 'expresstruckers', '$2a$10$BmcMCDQomX1CcxNh891qc.gqJWvi9C72csoM4pOgS2UiqQnYaCP6e'),
    ('TurboLogistics', 'turbologistics@example.com', 'turbologistics', '$2a$10$BmcMCDQomX1CcxNh891qc.gqJWvi9C72csoM4pOgS2UiqQnYaCP6e'),
    ('RapidRiders', 'rapidriders@example.com', 'rapidriders', '$2a$10$BmcMCDQomX1CcxNh891qc.gqJWvi9C72csoM4pOgS2UiqQnYaCP6e'),
    ('SwiftCarriers', 'swiftcarriers@example.com', 'swiftcarriers', '$2a$10$BmcMCDQomX1CcxNh891qc.gqJWvi9C72csoM4pOgS2UiqQnYaCP6e'),
    ('VelocityMovers', 'velocitymovers@example.com', 'velocitymovers', '$2a$10$BmcMCDQomX1CcxNh891qc.gqJWvi9C72csoM4pOgS2UiqQnYaCP6e');

INSERT INTO Admin (firstName, lastName, email, username, password)
VALUES
    ('John', 'Smith', 'admin1@example.com', 'admin1', '$2a$10$BmcMCDQomX1CcxNh891qc.gqJWvi9C72csoM4pOgS2UiqQnYaCP6e'),
    ('Sarah', 'Johnson', 'admin2@example.com', 'admin2', '$2a$10$BmcMCDQomX1CcxNh891qc.gqJWvi9C72csoM4pOgS2UiqQnYaCP6e'),
    ('Michael', 'Williams', 'admin3@example.com', 'admin3', '$2a$10$BmcMCDQomX1CcxNh891qc.gqJWvi9C72csoM4pOgS2UiqQnYaCP6e'),
    ('Emily', 'Jones', 'admin4@example.com', 'admin4', '$2a$10$BmcMCDQomX1CcxNh891qc.gqJWvi9C72csoM4pOgS2UiqQnYaCP6e'),
    ('David', 'Brown', 'admin5@example.com', 'admin5', '$2a$10$BmcMCDQomX1CcxNh891qc.gqJWvi9C72csoM4pOgS2UiqQnYaCP6e'),
    ('Jennifer', 'Davis', 'admin6@example.com', 'admin6', '$2a$10$BmcMCDQomX1CcxNh891qc.gqJWvi9C72csoM4pOgS2UiqQnYaCP6e'),
    ('James', 'Miller', 'admin7@example.com', 'admin7', '$2a$10$BmcMCDQomX1CcxNh891qc.gqJWvi9C72csoM4pOgS2UiqQnYaCP6e'),
    ('Jessica', 'Wilson', 'admin8@example.com', 'admin8', '$2a$10$BmcMCDQomX1CcxNh891qc.gqJWvi9C72csoM4pOgS2UiqQnYaCP6e'),
    ('Christopher', 'Moore', 'admin9@example.com', 'admin9', '$2a$10$BmcMCDQomX1CcxNh891qc.gqJWvi9C72csoM4pOgS2UiqQnYaCP6e'),
    ('Ashley', 'Taylor', 'admin10@example.com', 'admin10', '$2a$10$BmcMCDQomX1CcxNh891qc.gqJWvi9C72csoM4pOgS2UiqQnYaCP6e'),
    ('Matthew', 'Anderson', 'admin11@example.com', 'admin11', '$2a$10$BmcMCDQomX1CcxNh891qc.gqJWvi9C72csoM4pOgS2UiqQnYaCP6e'),
    ('Amanda', 'Thomas', 'admin12@example.com', 'admin12', '$2a$10$BmcMCDQomX1CcxNh891qc.gqJWvi9C72csoM4pOgS2UiqQnYaCP6e'),
    ('Andrew', 'Jackson', 'admin13@example.com', 'admin13', '$2a$10$BmcMCDQomX1CcxNh891qc.gqJWvi9C72csoM4pOgS2UiqQnYaCP6e'),
    ('Elizabeth', 'White', 'admin14@example.com', 'admin14', '$2a$10$BmcMCDQomX1CcxNh891qc.gqJWvi9C72csoM4pOgS2UiqQnYaCP6e'),
    ('Joshua', 'Harris', 'admin15@example.com', 'admin15', '$2a$10$BmcMCDQomX1CcxNh891qc.gqJWvi9C72csoM4pOgS2UiqQnYaCP6e'),
    ('Jessica', 'Martin', 'admin16@example.com', 'admin16', '$2a$10$BmcMCDQomX1CcxNh891qc.gqJWvi9C72csoM4pOgS2UiqQnYaCP6e'),
    ('Sarah', 'Thompson', 'admin17@example.com', 'admin17', '$2a$10$BmcMCDQomX1CcxNh891qc.gqJWvi9C72csoM4pOgS2UiqQnYaCP6e'),
    ('Kevin', 'Garcia', 'admin18@example.com', 'admin18', '$2a$10$BmcMCDQomX1CcxNh891qc.gqJWvi9C72csoM4pOgS2UiqQnYaCP6e'),
    ('Rachel', 'Martinez', 'admin19@example.com', 'admin19', '$2a$10$BmcMCDQomX1CcxNh891qc.gqJWvi9C72csoM4pOgS2UiqQnYaCP6e'),
    ('Daniel', 'Robinson', 'admin20@example.com', 'admin20', '$2a$10$BmcMCDQomX1CcxNh891qc.gqJWvi9C72csoM4pOgS2UiqQnYaCP6e'),
    ('Lauren', 'Clark', 'admin21@example.com', 'admin21', '$2a$10$BmcMCDQomX1CcxNh891qc.gqJWvi9C72csoM4pOgS2UiqQnYaCP6e');

INSERT INTO Business (name, address, phone, email, username, password)
VALUES
    ('ABC Electronics', '123 Main St, Cityville', '123-456-7890', 'abc@example.com', 'abc_electronics', '$2a$10$BmcMCDQomX1CcxNh891qc.gqJWvi9C72csoM4pOgS2UiqQnYaCP6e'),
    ('XYZ Fashion', '456 Elm St, Townsville', '456-789-0123', 'xyz@example.com', 'xyz_fashion', '$2a$10$BmcMCDQomX1CcxNh891qc.gqJWvi9C72csoM4pOgS2UiqQnYaCP6e'),
    ('Smith & Co. Law Firm', '789 Oak St, Villagetown', '789-012-3456', 'smithco@example.com', 'smithco_law', '$2a$10$BmcMCDQomX1CcxNh891qc.gqJWvi9C72csoM4pOgS2UiqQnYaCP6e'),
    ('Sunrise Cafe', '321 Maple St, Villagecity', '321-654-0987', 'sunrise@example.com', 'sunrise_cafe', '$2a$10$BmcMCDQomX1CcxNh891qc.gqJWvi9C72csoM4pOgS2UiqQnYaCP6e'),
    ('Green Thumb Gardening', '654 Pine St, Greensboro', '654-987-6543', 'greenthumb@example.com', 'greenthumb_gardening', '$2a$10$BmcMCDQomX1CcxNh891qc.gqJWvi9C72csoM4pOgS2UiqQnYaCP6e'),
    ('Blue Sea Adventures', '987 Cedar St, Beachtown', '987-321-0987', 'bluesea@example.com', 'bluesea_adventures', '$2a$10$BmcMCDQomX1CcxNh891qc.gqJWvi9C72csoM4pOgS2UiqQnYaCP6e'),
    ('Golden Pharmacy', '852 Walnut St, Goldenspring', '852-147-3698', 'goldenpharmacy@example.com', 'golden_pharmacy', '$2a$10$BmcMCDQomX1CcxNh891qc.gqJWvi9C72csoM4pOgS2UiqQnYaCP6e'),
    ('Peak Fitness Center', '741 Birch St, Peakville', '741-258-9631', 'peakfitness@example.com', 'peak_fitness', '$2a$10$BmcMCDQomX1CcxNh891qc.gqJWvi9C72csoM4pOgS2UiqQnYaCP6e'),
    ('Tasty Treats Bakery', '369 Sycamore St, Sweetcity', '369-852-7410', 'tastytreats@example.com', 'tastytreats_bakery', '$2a$10$BmcMCDQomX1CcxNh891qc.gqJWvi9C72csoM4pOgS2UiqQnYaCP6e'),
    ('Silver Screen Cinema', '147 Cedar St, Movietown', '147-369-2580', 'silverscreen@example.com', 'silverscreen_cinema', '$2a$10$BmcMCDQomX1CcxNh891qc.gqJWvi9C72csoM4pOgS2UiqQnYaCP6e'),
    ('Healthy Bites Restaurant', '258 Maple St, Healthytown', '258-741-9630', 'healthybites@example.com', 'healthybites_restaurant', '$2a$10$BmcMCDQomX1CcxNh891qc.gqJWvi9C72csoM4pOgS2UiqQnYaCP6e'),
    ('Tech Savvy Solutions', '963 Elm St, Techcity', '963-741-8520', 'techsolutions@example.com', 'techsolutions', '$2a$10$BmcMCDQomX1CcxNh891qc.gqJWvi9C72csoM4pOgS2UiqQnYaCP6e'),
    ('Quick Fix Auto Repair', '753 Oak St, Speedyville', '753-852-7410', 'quickfix@example.com', 'quickfix_auto', '$2a$10$BmcMCDQomX1CcxNh891qc.gqJWvi9C72csoM4pOgS2UiqQnYaCP6e'),
    ('Bright Ideas Marketing', '159 Pine St, Brighttown', '159-357-9510', 'brightideas@example.com', 'brightideas_marketing', '$2a$10$BmcMCDQomX1CcxNh891qc.gqJWvi9C72csoM4pOgS2UiqQnYaCP6e'),
    ('Ace Hardware Store', '357 Walnut St, Aceville', '357-951-7530', 'acehardware@example.com', 'acehardware_store', '$2a$10$BmcMCDQomX1CcxNh891qc.gqJWvi9C72csoM4pOgS2UiqQnYaCP6e'),
    ('Sunset Salon & Spa', '654 Birch St, Sunsetville', '654-321-9870', 'sunsetsalon@example.com', 'sunsetsalon_spa', '$2a$10$BmcMCDQomX1CcxNh891qc.gqJWvi9C72csoM4pOgS2UiqQnYaCP6e'),
    ('All Seasons HVAC', '258 Sycamore St, Seasonstown', '258-963-7410', 'allseasons@example.com', 'allseasons_hvac', '$2a$10$BmcMCDQomX1CcxNh891qc.gqJWvi9C72csoM4pOgS2UiqQnYaCP6e'),
    ('Dynamic Design Studio', '741 Cedar St, Designtown', '741-258-3690', 'dynamicdesign@example.com', 'dynamicdesign_studio', '$2a$10$BmcMCDQomX1CcxNh891qc.gqJWvi9C72csoM4pOgS2UiqQnYaCP6e'),
    ('Fresh Start Cleaning', '369 Elm St, Freshtown', '369-741-8520', 'freshstart@example.com', 'freshstart_cleaning', '$2a$10$BmcMCDQomX1CcxNh891qc.gqJWvi9C72csoM4pOgS2UiqQnYaCP6e'),
    ('Golden Gate Realty', '852 Pine St, Goldengate', '852-369-7410', 'goldengate@example.com', 'goldengate_realty', '$2a$10$BmcMCDQomX1CcxNh891qc.gqJWvi9C72csoM4pOgS2UiqQnYaCP6e'),
    ('Crystal Clear Plumbing', '147 Oak St, Crystalville', '147-852-3690', 'crystalclear@example.com', 'crystalclear_plumbing', '$2a$10$BmcMCDQomX1CcxNh891qc.gqJWvi9C72csoM4pOgS2UiqQnYaCP6e');

-- DeliveryPersons for deliveryServiceId = 1
INSERT INTO DeliveryPerson (firstName, lastName, email, username, password, deliveryServiceId)
VALUES
    ('John', 'Doe', 'john.doe1@example.com', 'johndoe1', '$2a$10$BmcMCDQomX1CcxNh891qc.gqJWvi9C72csoM4pOgS2UiqQnYaCP6e', 1),
    ('Jane', 'Smith', 'jane.smith1@example.com', 'janesmith1', '$2a$10$BmcMCDQomX1CcxNh891qc.gqJWvi9C72csoM4pOgS2UiqQnYaCP6e', 1);

-- DeliveryPersons for deliveryServiceId = 2
INSERT INTO DeliveryPerson (firstName, lastName, email, username, password, deliveryServiceId)
VALUES
    ('Michael', 'Johnson', 'michael.johnson2@example.com', 'michaelj2', '$2a$10$BmcMCDQomX1CcxNh891qc.gqJWvi9C72csoM4pOgS2UiqQnYaCP6e', 2),
    ('Emily', 'Brown', 'emily.brown2@example.com', 'emilyb2', '$2a$10$BmcMCDQomX1CcxNh891qc.gqJWvi9C72csoM4pOgS2UiqQnYaCP6e', 2);

-- DeliveryPersons for deliveryServiceId = 3
INSERT INTO DeliveryPerson (firstName, lastName, email, username, password, deliveryServiceId)
VALUES
    ('David', 'Martinez', 'david.martinez3@example.com', 'davidm3', '$2a$10$BmcMCDQomX1CcxNh891qc.gqJWvi9C72csoM4pOgS2UiqQnYaCP6e', 3),
    ('Sarah', 'Anderson', 'sarah.anderson3@example.com', 'saraha3', '$2a$10$BmcMCDQomX1CcxNh891qc.gqJWvi9C72csoM4pOgS2UiqQnYaCP6e', 3);

-- DeliveryPersons for deliveryServiceId = 4
INSERT INTO DeliveryPerson (firstName, lastName, email, username, password, deliveryServiceId)
VALUES
    ('James', 'Taylor', 'james.taylor4@example.com', 'jamest4', '$2a$10$BmcMCDQomX1CcxNh891qc.gqJWvi9C72csoM4pOgS2UiqQnYaCP6e', 4),
    ('Jessica', 'Thomas', 'jessica.thomas4@example.com', 'jessicat4', '$2a$10$BmcMCDQomX1CcxNh891qc.gqJWvi9C72csoM4pOgS2UiqQnYaCP6e', 4);

-- DeliveryPersons for deliveryServiceId = 5
INSERT INTO DeliveryPerson (firstName, lastName, email, username, password, deliveryServiceId)
VALUES
    ('Christopher', 'Hernandez', 'christopher.hernandez5@example.com', 'christopherh5', '$2a$10$BmcMCDQomX1CcxNh891qc.gqJWvi9C72csoM4pOgS2UiqQnYaCP6e', 5),
    ('Ashley', 'Moore', 'ashley.moore5@example.com', 'ashleym5', '$2a$10$BmcMCDQomX1CcxNh891qc.gqJWvi9C72csoM4pOgS2UiqQnYaCP6e', 5);

-- Product for businessId = 10
INSERT INTO Product (name, description, vegan, price, businessId)
VALUES
    ('Organic Quinoa Salad', 'A delicious and nutritious salad made with organic quinoa, mixed vegetables, and a tangy vinaigrette dressing.', 1, 9.99, 10),
    ('Grass-fed Angus Burger', 'A juicy Angus beef patty served on a toasted brioche bun with fresh lettuce, tomato, and your choice of toppings.', 0, 12.49, 10),
    ('Vegan Black Bean Chili', 'A hearty and flavorful chili made with black beans, tomatoes, peppers, onions, and spices, all vegan-friendly and gluten-free.', 1, 8.75, 10),
    ('Wild-caught Alaskan Salmon', 'Fresh Alaskan salmon fillet grilled to perfection, served with roasted vegetables and lemon herb sauce.', 0, 17.99, 10),
    ('Organic Avocado Toast', 'A classic brunch favorite featuring mashed organic avocado on toasted artisan bread, topped with cherry tomatoes, red pepper flakes, and a drizzle of extra virgin olive oil.', 1, 10.99, 10),
    ('Mediterranean Veggie Wrap', 'A tasty wrap filled with roasted vegetables, hummus, feta cheese, and a sprinkle of fresh herbs, served with a side of tzatziki sauce.', 1, 8.49, 10),
    ('Free-range Chicken Caesar Salad', 'Crisp romaine lettuce tossed with grilled free-range chicken, Parmesan cheese, croutons, and Caesar dressing, a classic favorite.', 0, 11.99, 10),
    ('Gluten-free Quinoa Pasta', 'Gluten-free pasta made from nutritious quinoa flour, paired with your choice of marinara sauce or creamy Alfredo sauce.', 1, 9.25, 10),
    ('Thai Coconut Curry Bowl', 'A fragrant and spicy coconut curry served with jasmine rice, tofu, mixed vegetables, and fresh cilantro, a satisfying vegan option.', 1, 12.99, 10),
    ('Homemade Chocolate Chip Cookies', 'Warm and gooey chocolate chip cookies made from scratch, with the perfect balance of sweet and salty flavors, a delightful treat for any occasion.', 1, 5.49, 10),
    ('Grass-fed Beef Bolognese Pasta', 'Slow-cooked grass-fed beef simmered in a rich tomato sauce, served over al dente pasta and garnished with Parmesan cheese and fresh basil.', 0, 14.75, 10),
    ('Acai Berry Smoothie Bowl', 'A refreshing blend of acai berries, bananas, and almond milk, topped with granola, sliced fruits, coconut flakes, and a drizzle of honey, a nutritious and colorful breakfast option.', 1, 7.99, 10),
    ('Sushi Platter', 'An assortment of freshly prepared sushi rolls including California rolls, spicy tuna rolls, and salmon avocado rolls, served with soy sauce, pickled ginger, and wasabi.', 0, 19.99, 10);


INSERT INTO Status (status)
VALUES
    ('Pending'),
    ('Completed'),
    ('Accepted'),
    ('Cancelled'),
    ('Rejected');

INSERT INTO Packaging (packaging)
VALUES
    ('Plastic'),
    ('Cardboard'),
    ('Paper'),
    ('Seaweed'),
    ('Polystyrene');


INSERT INTO CustomerOrder (creationTime, minTemp, maxTemp, deliveryTime, statusId, packagingId, customerId, businessId, deliveryServiceId, deliveryPersonId)
VALUES
    ('2024-04-28 10:00:00', 0, 3, DATEADD(MINUTE, 30, '2024-04-28 10:00:00'), 3, 1, 23, 10, 1, 1),
    ('2024-04-27 11:15:00', -1, 5, DATEADD(MINUTE, 45, '2024-04-27 11:15:00'), 3, 2, 23, 10, 2, 2),
    ('2024-04-26 12:30:00', 2, 6, DATEADD(MINUTE, 30, '2024-04-26 12:30:00'), 3, 3, 23, 10, 3, 3),
    ('2024-04-25 13:45:00', 5, 7, DATEADD(MINUTE, 45, '2024-04-25 13:45:00'), 3, 4, 23, 10, 4, 4),
    ('2024-04-24 14:00:00', 3, 4, DATEADD(MINUTE, 30, '2024-04-24 14:00:00'), 3, 5, 23, 10, 5, 5);


INSERT INTO CustomerOrderList (selectionTime, quantity, customerOrderId, productId)
VALUES
    -- Since modified populate CustomerOrder a lot, Id go from 11-15. CustomerId = 23
    ('2024-04-28 10:00:00', 1, 11, 6),
    ('2024-04-28 10:00:00', 2, 11, 7),
    ('2024-04-28 10:00:00', 3, 11, 8),
    ('2024-04-28 10:00:00', 3, 11, 9),
    ('2024-04-28 10:00:00', 2, 11, 10),
    ('2024-04-28 10:00:00', 1, 11, 11),
    ('2024-04-27 11:15:00', 1, 12, 9),
    ('2024-04-27 11:15:00', 2, 12, 10),
    ('2024-04-27 11:15:00', 3, 12, 11),
    ('2024-04-27 11:15:00', 3, 12, 12),
    ('2024-04-27 11:15:00', 2, 12, 13),
    ('2024-04-26 12:30:00', 1, 13, 12),
    ('2024-04-26 12:30:00', 2, 13, 13),
    ('2024-04-26 12:30:00', 3, 13, 14),
    ('2024-04-25 13:45:00', 1, 14, 15),
    ('2024-04-25 13:45:00', 2, 14, 16),
    ('2024-04-25 13:45:00', 3, 14, 17),
    ('2024-04-24 14:00:00', 1, 15, 18),
    ('2024-04-24 14:00:00', 2, 15, 6),
    ('2024-04-24 14:00:00', 3, 15, 7);