INSERT INTO Customer (firstName, lastName, email, username, password)
VALUES
    ('John', 'Doe', 'john.doe@example.com', 'johndoe', 'password1'),
    ('Jane', 'Smith', 'jane.smith@example.com', 'janesmith', 'password2'),
    ('Michael', 'Johnson', 'michael.johnson@example.com', 'michaelj', 'password3'),
    ('Emily', 'Brown', 'emily.brown@example.com', 'emilyb', 'password4'),
    ('David', 'Martinez', 'david.martinez@example.com', 'davidm', 'password5'),
    ('Sarah', 'Anderson', 'sarah.anderson@example.com', 'saraha', 'password6'),
    ('James', 'Taylor', 'james.taylor@example.com', 'jamest', 'password7'),
    ('Jessica', 'Thomas', 'jessica.thomas@example.com', 'jessicat', 'password8'),
    ('Christopher', 'Hernandez', 'christopher.hernandez@example.com', 'christopherh', 'password9'),
    ('Ashley', 'Moore', 'ashley.moore@example.com', 'ashleym', 'password10'),
    ('Matthew', 'Wilson', 'matthew.wilson@example.com', 'mattheww', 'password11'),
    ('Amanda', 'Garcia', 'amanda.garcia@example.com', 'amandag', 'password12'),
    ('Andrew', 'Lopez', 'andrew.lopez@example.com', 'andrewl', 'password13'),
    ('Elizabeth', 'Hill', 'elizabeth.hill@example.com', 'elizabethh', 'password14'),
    ('Joshua', 'Scott', 'joshua.scott@example.com', 'joshuas', 'password15'),
    ('Jennifer', 'Green', 'jennifer.green@example.com', 'jenniferg', 'password16'),
    ('Justin', 'Adams', 'justin.adams@example.com', 'justina', 'password17'),
    ('Samantha', 'Baker', 'samantha.baker@example.com', 'samanthab', 'password18'),
    ('Robert', 'Perez', 'robert.perez@example.com', 'robertp', 'password19'),
    ('Stephanie', 'Campbell', 'stephanie.campbell@example.com', 'stephaniec', 'password20'),
    ('Daniel', 'Rivera', 'daniel.rivera@example.com', 'danielr', 'password21');

INSERT INTO DeliveryService (name, email, username, password)
VALUES
    ('FastDelivery', 'fastdelivery@example.com', 'fastdelivery', 'password1'),
    ('SwiftShip', 'swiftship@example.com', 'swiftship', 'password2'),
    ('ExpressMovers', 'expressmovers@example.com', 'expressmovers', 'password3'),
    ('SpeedyCouriers', 'speedycouriers@example.com', 'speedycouriers', 'password4'),
    ('QuickDispatch', 'quickdispatch@example.com', 'quickdispatch', 'password5'),
    ('RapidTransit', 'rapidtransit@example.com', 'rapidtransit', 'password6'),
    ('ZoomDelivery', 'zoomdelivery@example.com', 'zoomdelivery', 'password7'),
    ('PrimeShippers', 'primeshippers@example.com', 'primeshippers', 'password8'),
    ('AeroExpress', 'aeroexpress@example.com', 'aeroexpress', 'password9'),
    ('PrestigeLogistics', 'prestigelogistics@example.com', 'prestigelogistics', 'password10'),
    ('EagleCarriers', 'eaglecarriers@example.com', 'eaglecarriers', 'password11'),
    ('EliteHaulage', 'elitehaulage@example.com', 'elitehaulage', 'password12'),
    ('StarTrans', 'startrans@example.com', 'startrans', 'password13'),
    ('QuickCargo', 'quickcargo@example.com', 'quickcargo', 'password14'),
    ('RedRocket', 'redrocket@example.com', 'redrocket', 'password15'),
    ('SpeedyFreight', 'speedyfreight@example.com', 'speedyfreight', 'password16'),
    ('ExpressTruckers', 'expresstruckers@example.com', 'expresstruckers', 'password17'),
    ('TurboLogistics', 'turbologistics@example.com', 'turbologistics', 'password18'),
    ('RapidRiders', 'rapidriders@example.com', 'rapidriders', 'password19'),
    ('SwiftCarriers', 'swiftcarriers@example.com', 'swiftcarriers', 'password20'),
    ('VelocityMovers', 'velocitymovers@example.com', 'velocitymovers', 'password21');

INSERT INTO Admin (firstName, lastName, email, username, password)
VALUES
    ('John', 'Smith', 'admin1@example.com', 'admin1', 'password1'),
    ('Sarah', 'Johnson', 'admin2@example.com', 'admin2', 'password2'),
    ('Michael', 'Williams', 'admin3@example.com', 'admin3', 'password3'),
    ('Emily', 'Jones', 'admin4@example.com', 'admin4', 'password4'),
    ('David', 'Brown', 'admin5@example.com', 'admin5', 'password5'),
    ('Jennifer', 'Davis', 'admin6@example.com', 'admin6', 'password6'),
    ('James', 'Miller', 'admin7@example.com', 'admin7', 'password7'),
    ('Jessica', 'Wilson', 'admin8@example.com', 'admin8', 'password8'),
    ('Christopher', 'Moore', 'admin9@example.com', 'admin9', 'password9'),
    ('Ashley', 'Taylor', 'admin10@example.com', 'admin10', 'password10'),
    ('Matthew', 'Anderson', 'admin11@example.com', 'admin11', 'password11'),
    ('Amanda', 'Thomas', 'admin12@example.com', 'admin12', 'password12'),
    ('Andrew', 'Jackson', 'admin13@example.com', 'admin13', 'password13'),
    ('Elizabeth', 'White', 'admin14@example.com', 'admin14', 'password14'),
    ('Joshua', 'Harris', 'admin15@example.com', 'admin15', 'password15'),
    ('Jessica', 'Martin', 'admin16@example.com', 'admin16', 'password16'),
    ('Sarah', 'Thompson', 'admin17@example.com', 'admin17', 'password17'),
    ('Kevin', 'Garcia', 'admin18@example.com', 'admin18', 'password18'),
    ('Rachel', 'Martinez', 'admin19@example.com', 'admin19', 'password19'),
    ('Daniel', 'Robinson', 'admin20@example.com', 'admin20', 'password20'),
    ('Lauren', 'Clark', 'admin21@example.com', 'admin21', 'password21');

INSERT INTO Business (name, address, phone, email, username, password)
VALUES
    ('ABC Electronics', '123 Main St, Cityville', '123-456-7890', 'abc@example.com', 'abc_electronics', 'password1'),
    ('XYZ Fashion', '456 Elm St, Townsville', '456-789-0123', 'xyz@example.com', 'xyz_fashion', 'password2'),
    ('Smith & Co. Law Firm', '789 Oak St, Villagetown', '789-012-3456', 'smithco@example.com', 'smithco_law', 'password3'),
    ('Sunrise Cafe', '321 Maple St, Villagecity', '321-654-0987', 'sunrise@example.com', 'sunrise_cafe', 'password4'),
    ('Green Thumb Gardening', '654 Pine St, Greensboro', '654-987-6543', 'greenthumb@example.com', 'greenthumb_gardening', 'password5'),
    ('Blue Sea Adventures', '987 Cedar St, Beachtown', '987-321-0987', 'bluesea@example.com', 'bluesea_adventures', 'password6'),
    ('Golden Pharmacy', '852 Walnut St, Goldenspring', '852-147-3698', 'goldenpharmacy@example.com', 'golden_pharmacy', 'password7'),
    ('Peak Fitness Center', '741 Birch St, Peakville', '741-258-9631', 'peakfitness@example.com', 'peak_fitness', 'password8'),
    ('Tasty Treats Bakery', '369 Sycamore St, Sweetcity', '369-852-7410', 'tastytreats@example.com', 'tastytreats_bakery', 'password9'),
    ('Silver Screen Cinema', '147 Cedar St, Movietown', '147-369-2580', 'silverscreen@example.com', 'silverscreen_cinema', 'password10'),
    ('Healthy Bites Restaurant', '258 Maple St, Healthytown', '258-741-9630', 'healthybites@example.com', 'healthybites_restaurant', 'password11'),
    ('Tech Savvy Solutions', '963 Elm St, Techcity', '963-741-8520', 'techsolutions@example.com', 'techsolutions', 'password12'),
    ('Quick Fix Auto Repair', '753 Oak St, Speedyville', '753-852-7410', 'quickfix@example.com', 'quickfix_auto', 'password13'),
    ('Bright Ideas Marketing', '159 Pine St, Brighttown', '159-357-9510', 'brightideas@example.com', 'brightideas_marketing', 'password14'),
    ('Ace Hardware Store', '357 Walnut St, Aceville', '357-951-7530', 'acehardware@example.com', 'acehardware_store', 'password15'),
    ('Sunset Salon & Spa', '654 Birch St, Sunsetville', '654-321-9870', 'sunsetsalon@example.com', 'sunsetsalon_spa', 'password16'),
    ('All Seasons HVAC', '258 Sycamore St, Seasonstown', '258-963-7410', 'allseasons@example.com', 'allseasons_hvac', 'password17'),
    ('Dynamic Design Studio', '741 Cedar St, Designtown', '741-258-3690', 'dynamicdesign@example.com', 'dynamicdesign_studio', 'password18'),
    ('Fresh Start Cleaning', '369 Elm St, Freshtown', '369-741-8520', 'freshstart@example.com', 'freshstart_cleaning', 'password19'),
    ('Golden Gate Realty', '852 Pine St, Goldengate', '852-369-7410', 'goldengate@example.com', 'goldengate_realty', 'password20'),
    ('Crystal Clear Plumbing', '147 Oak St, Crystalville', '147-852-3690', 'crystalclear@example.com', 'crystalclear_plumbing', 'password21');

-- DeliveryPersons for deliveryServiceId = 1
INSERT INTO DeliveryPerson (firstName, lastName, email, username, password, deliveryServiceId)
VALUES
    ('John', 'Doe', 'john.doe1@example.com', 'johndoe1', 'password1', 1),
    ('Jane', 'Smith', 'jane.smith1@example.com', 'janesmith1', 'password2', 1);

-- DeliveryPersons for deliveryServiceId = 2
INSERT INTO DeliveryPerson (firstName, lastName, email, username, password, deliveryServiceId)
VALUES
    ('Michael', 'Johnson', 'michael.johnson2@example.com', 'michaelj2', 'password3', 2),
    ('Emily', 'Brown', 'emily.brown2@example.com', 'emilyb2', 'password4', 2);

-- DeliveryPersons for deliveryServiceId = 3
INSERT INTO DeliveryPerson (firstName, lastName, email, username, password, deliveryServiceId)
VALUES
    ('David', 'Martinez', 'david.martinez3@example.com', 'davidm3', 'password5', 3),
    ('Sarah', 'Anderson', 'sarah.anderson3@example.com', 'saraha3', 'password6', 3);

-- DeliveryPersons for deliveryServiceId = 4
INSERT INTO DeliveryPerson (firstName, lastName, email, username, password, deliveryServiceId)
VALUES
    ('James', 'Taylor', 'james.taylor4@example.com', 'jamest4', 'password7', 4),
    ('Jessica', 'Thomas', 'jessica.thomas4@example.com', 'jessicat4', 'password8', 4);

-- DeliveryPersons for deliveryServiceId = 5
INSERT INTO DeliveryPerson (firstName, lastName, email, username, password, deliveryServiceId)
VALUES
    ('Christopher', 'Hernandez', 'christopher.hernandez5@example.com', 'christopherh5', 'password9', 5),
    ('Ashley', 'Moore', 'ashley.moore5@example.com', 'ashleym5', 'password10', 5);